,0,1,2,3,4,5,6,7,8,9,10,11,12,13,14,15,16
0,,,,,,,,,,,,,,,,,
1,{'title': '4 Bed House with En Suite at Runda'},{'title': '4 Bed Townhouse with En Suite in Lavington'},{'title': '5 Bed House with En Suite in Nyari'},{'title': '5 Bed House with En Suite in Muthaiga'},{'title': '5 Bed Townhouse with En Suite in Lavington'},{'title': '5 Bed House with En Suite at Miotoni Road'},{'title': '4 Bed House with En Suite in Muthaiga'},{'title': '5 Bed House with En Suite at Rosslyn'},{'title': '7 Bed Villa with En Suite in Diani'},{'title': '3 Bed House with En Suite at Runda Paradise'},{'title': '4 Bed House with En Suite in Ruiru'},{'title': '5 Bed Townhouse with En Suite in Riverside'},{'title': '5 Bed Villa with En Suite in Karen'},{'title': '3 Bed House with En Suite at Rosslyn'},{'title': '4 Bed House with En Suite in Kileleshwa'},{'title': '4 Bed House with En Suite at Mutero Road'},{'title': '3 Bed House with En Suite at Runda'}
2,{'title': '3 Bed House with En Suite in Rosslyn'},{'title': '1 Bed House with Garden at Loresho'},{'title': '4 Bed House with En Suite in Karen'},{'title': '4 Bed Townhouse with Swimming Pool in Thika Road'},{'title': '1 Bed House with En Suite in Ridgeways'},{'title': '4 Bed House with En Suite at Karen'},{'title': '4 Bed House with Garden at Loresho'},{'title': '4 Bed House with En Suite at Kiambu Road'},{'title': '4 Bed Townhouse with En Suite in Lavington'},{'title': '4 Bed House with En Suite at Runda Paradise'},{'title': '5 Bed House with En Suite at Mutero'},{'title': '4 Bed House with En Suite in Nyali Area'},{'title': '2 Bed House with En Suite at Kileleshwa'},{'title': '4 Bed Townhouse with En Suite in Loresho'},{'title': '4 Bed Villa with En Suite in Karen'},,
3,{'title': '4 Bed Villa with En Suite in Lavington'},{'title': '4 Bed House with En Suite in Nyari'},{'title': '4 Bed House with En Suite at Kiambu Road'},{'title': '4 Bed House with En Suite in Loresho'},{'title': '4 Bed House with En Suite at Runda Paradise'},{'title': '4 Bed House with En Suite in Riverside'},{'title': '4 Bed House with En Suite at Bongani Road'},{'title': '4 Bed House with En Suite at Miotoni'},{'title': '4 Bed House with En Suite in Runda'},{'title': '4 Bed Townhouse with En Suite in Kileleshwa'},{'title': '5 Bed House with Garden at Karen Road'},{'title': '3 Bed House with Garden at Miotoni Road'},{'title': '4 Bed House with En Suite at Runda'},{'title': '2 Bed House with En Suite at Ndege Road'},{'title': '2 Bed House with En Suite at Runda'},,
4,{'title': '4 Bed House with En Suite at Eden Ville Estate Opp Fivestar Meadows'},{'title': '1 Bed House with Garden at Hardy Town'},{'title': '4 Bed House with En Suite at Runda'},{'title': '4 Bed Townhouse with En Suite in Joska'},{'title': '4 Bed Villa with En Suite in Kitisuru'},{'title': '4 Bed House with En Suite at Runda'},{'title': '4 Bed Townhouse with En Suite at Magnolia Close'},{'title': '4 Bed Villa with En Suite in Kiambu Road'},{'title': '4 Bed Villa with En Suite at Kikambala'},{'title': '4 Bed Townhouse with Garden in Thika'},{'title': '4 Bed Villa with En Suite in Rosslyn'},{'title': '4 Bed House with En Suite at Kiambu Road'},{'title': '4 Bed House with En Suite at Kerarapon'},{'title': '5 Bed House with En Suite at Muthaiga North'},{'title': '4 Bed House with En Suite in Karen'},,
5,{'title': '4 Bed Townhouse with En Suite in Runda'},{'title': '3 Bed House with En Suite at Westlands'},{'title': '4 Bed House with En Suite at Runda'},{'title': '4 Bed Townhouse with Swimming Pool in Riverside'},{'title': 'House in Karen Hardy'},{'title': '6 Bed House with En Suite at Mimosa'},{'title': '4 Bed Townhouse with En Suite in Lavington'},{'title': '3 Bed House with En Suite in Rosslyn'},{'title': '4 Bed House with En Suite in Karen'},{'title': '2 Bed House with En Suite at Karen'},{'title': '4 Bed House with En Suite at Bomas'},{'title': '5 Bed House with En Suite at Karen'},{'title': '1 Bed House with En Suite in Runda'},{'title': '4 Bed House with En Suite at Kiambu Road'},{'title': '4 Bed Villa with En Suite in Athi River'},,
6,{'title': '4 Bed House with Garden at Runda'},{'title': '4 Bed House with En Suite at Runda'},{'title': '3 Bed House with En Suite in Spring Valley'},{'title': '5 Bed House with En Suite at Karen'},{'title': '5 Bed House with En Suite in Runda'},{'title': '4 Bed Townhouse with En Suite in Nyali Area'},{'title': '7 Bed House with En Suite at Karen'},{'title': '5 Bed Townhouse in Lavington'},{'title': '4 Bed Townhouse with En Suite at Peponi Road'},{'title': '4 Bed Townhouse with En Suite in Lavington'},{'title': '4 Bed House with En Suite in Karura'},{'title': '5 Bed House with En Suite at Kaumoni Loresho'},{'title': '5 Bed House with Garden at Kitisuru'},{'title': '4 Bed House with En Suite in Karen'},{'title': '5 Bed House with En Suite at Runda Mimosa'},,
7,{'title': '4 Bed House with En Suite at Runda'},{'title': '3 Bed House with En Suite at Kuro Road'},{'title': '5 Bed House with En Suite in Kitisuru'},{'title': '3 Bed Townhouse with En Suite at Greville Groove'},{'title': '4 Bed Townhouse with En Suite in Kiambu Road'},{'title': '5 Bed Townhouse in Kileleshwa'},{'title': '4 Bed House with En Suite at Lower Kabete'},{'title': '5 Bed Townhouse with En Suite in Lavington'},{'title': '5 Bed Townhouse with En Suite at Lower Kabete Road'},{'title': '5 Bed Townhouse with En Suite in Kileleshwa'},{'title': '3 Bed Townhouse with En Suite in Gigiri'},{'title': '3 Bed House with En Suite at Karen'},{'title': '5 Bed House with En Suite at Karen'},{'title': '5 Bed Townhouse with En Suite at Eastern Bypass'},{'title': '4 Bed House with En Suite at Karen'},,
8,{'title': '5 Bed House with En Suite in Karen'},{'title': '5 Bed Villa with En Suite in Lavington'},{'title': '3 Bed House with En Suite at Matundu Lane Near Sabis'},{'title': '3 Bed House with En Suite in Thigiri'},{'title': '5 Bed House with En Suite in Runda'},{'title': '4 Bed House with En Suite at Lower Kabete'},{'title': '4 Bed Townhouse with En Suite at Lavington'},{'title': '4 Bed House with En Suite at Lower Kabete'},{'title': '5 Bed House with Garden in Nyari'},{'title': '4 Bed House with En Suite in Karura'},{'title': '5 Bed House with En Suite at Karen Plains'},{'title': '5 Bed Townhouse with En Suite at Spring Valley'},{'title': '5 Bed Townhouse with En Suite at Maziwa'},{'title': '4 Bed House with En Suite at Runda'},{'title': '3 Bed House with En Suite in Ridgeways'},,
9,{'title': '4 Bed House with En Suite in Muthaiga'},{'title': '7 Bed House with En Suite at Hillcrest'},{'title': '4 Bed House with En Suite at Runda'},{'title': 'Townhouse in Lavington'},{'title': '1 Bed House in Runda'},{'title': '5 Bed House with Swimming Pool at Miotoni Road'},{'title': '4 Bed Townhouse with En Suite in Runda'},{'title': '5 Bed House with En Suite at Chalbi Road'},{'title': '5 Bed House in Nyari'},{'title': '2 Bed House with En Suite at Karen'},{'title': '5 Bed Townhouse with En Suite in Lavington'},{'title': '4 Bed Townhouse with En Suite in Runda'},{'title': '5 Bed House with En Suite at Flame Tree'},{'title': '4 Bed House with En Suite in Lower Kabete'},{'title': '1 Bed House with En Suite in Lavington'},,
